Workbook

Sheet Sparkline
C3: Jan | D3: Feb | E3: Mar | F3: Apr | G3: May | H3: Jun | I3: Jul | J3: Aug | K3: Sep | L3: Oct | M3: Nov | N3: Dec | O3: Sparkline
B4: Data Analyst | C4: {=SUMPRODUCT(--(TEXT([1]Data!$H$2:$H$32673,"mmm")=C$3)*([1]Data!$A$2:$A$32673=Sparkline!$B4))} -> 982 | D4: {=SUMPRODUCT(--(TEXT([1]Data!$H$2:$H$32673,"mmm")=D$3)*([1]Data!$A$2:$A$32673=Sparkline!$B4))} -> 691 | E4: {=SUMPRODUCT(--(TEXT([1]Data!$H$2:$H$32673,"mmm")=E$3)*([1]Data!$A$2:$A$32673=Sparkline!$B4))} -> 776 | F4: {=SUMPRODUCT(--(TEXT([1]Data!$H$2:$H$32673,"mmm")=F$3)*([1]Data!$A$2:$A$32673=Sparkline!$B4))} -> 753 | G4: {=SUMPRODUCT(--(TEXT([1]Data!$H$2:$H$32673,"mmm")=G$3)*([1]Data!$A$2:$A$32673=Sparkline!$B4))} -> 746 | H4: {=SUMPRODUCT(--(TEXT([1]Data!$H$2:$H$32673,"mmm")=H$3)*([1]Data!$A$2:$A$32673=Sparkline!$B4))} -> 933 | I4: {=SUMPRODUCT(--(TEXT([1]Data!$H$2:$H$32673,"mmm")=I$3)*([1]Data!$A$2:$A$32673=Sparkline!$B4))} -> 856 | J4: {=SUMPRODUCT(--(TEXT([1]Data!$H$2:$H$32673,"mmm")=J$3)*([1]Data!$A$2:$A$32673=Sparkline!$B4))} -> 1031 | ... N4: {=SUMPRODUCT(--(TEXT([1]Data!$H$2:$H$32673,"mmm")=N$3)*([1]Data!$A$2:$A$32673=Sparkline!$B4))} -> 663
B5: Senior Data Analyst | C5: {=SUMPRODUCT(--(TEXT([1]Data!$H$2:$H$32673,"mmm")=C$3)*([1]Data!$A$2:$A$32673=Sparkline!$B5))} -> 191 | D5: {=SUMPRODUCT(--(TEXT([1]Data!$H$2:$H$32673,"mmm")=D$3)*([1]Data!$A$2:$A$32673=Sparkline!$B5))} -> 116 | E5: {=SUMPRODUCT(--(TEXT([1]Data!$H$2:$H$32673,"mmm")=E$3)*([1]Data!$A$2:$A$32673=Sparkline!$B5))} -> 114 | F5: {=SUMPRODUCT(--(TEXT([1]Data!$H$2:$H$32673,"mmm")=F$3)*([1]Data!$A$2:$A$32673=Sparkline!$B5))} -> 139 | G5: {=SUMPRODUCT(--(TEXT([1]Data!$H$2:$H$32673,"mmm")=G$3)*([1]Data!$A$2:$A$32673=Sparkline!$B5))} -> 119 | H5: {=SUMPRODUCT(--(TEXT([1]Data!$H$2:$H$32673,"mmm")=H$3)*([1]Data!$A$2:$A$32673=Sparkline!$B5))} -> 161 | I5: {=SUMPRODUCT(--(TEXT([1]Data!$H$2:$H$32673,"mmm")=I$3)*([1]Data!$A$2:$A$32673=Sparkline!$B5))} -> 117 | J5: {=SUMPRODUCT(--(TEXT([1]Data!$H$2:$H$32673,"mmm")=J$3)*([1]Data!$A$2:$A$32673=Sparkline!$B5))} -> 172 | ... N5: {=SUMPRODUCT(--(TEXT([1]Data!$H$2:$H$32673,"mmm")=N$3)*([1]Data!$A$2:$A$32673=Sparkline!$B5))} -> 74
B6: Data Scientist | C6: {=SUMPRODUCT(--(TEXT([1]Data!$H$2:$H$32673,"mmm")=C$3)*([1]Data!$A$2:$A$32673=Sparkline!$B6))} -> 869 | D6: {=SUMPRODUCT(--(TEXT([1]Data!$H$2:$H$32673,"mmm")=D$3)*([1]Data!$A$2:$A$32673=Sparkline!$B6))} -> 620 | E6: {=SUMPRODUCT(--(TEXT([1]Data!$H$2:$H$32673,"mmm")=E$3)*([1]Data!$A$2:$A$32673=Sparkline!$B6))} -> 717 | F6: {=SUMPRODUCT(--(TEXT([1]Data!$H$2:$H$32673,"mmm")=F$3)*([1]Data!$A$2:$A$32673=Sparkline!$B6))} -> 653 | G6: {=SUMPRODUCT(--(TEXT([1]Data!$H$2:$H$32673,"mmm")=G$3)*([1]Data!$A$2:$A$32673=Sparkline!$B6))} -> 662 | H6: {=SUMPRODUCT(--(TEXT([1]Data!$H$2:$H$32673,"mmm")=H$3)*([1]Data!$A$2:$A$32673=Sparkline!$B6))} -> 806 | I6: {=SUMPRODUCT(--(TEXT([1]Data!$H$2:$H$32673,"mmm")=I$3)*([1]Data!$A$2:$A$32673=Sparkline!$B6))} -> 781 | J6: {=SUMPRODUCT(--(TEXT([1]Data!$H$2:$H$32673,"mmm")=J$3)*([1]Data!$A$2:$A$32673=Sparkline!$B6))} -> 965 | ... N6: {=SUMPRODUCT(--(TEXT([1]Data!$H$2:$H$32673,"mmm")=N$3)*([1]Data!$A$2:$A$32673=Sparkline!$B6))} -> 530
B7: Senior Data Scientist | C7: {=SUMPRODUCT(--(TEXT([1]Data!$H$2:$H$32673,"mmm")=C$3)*([1]Data!$A$2:$A$32673=Sparkline!$B7))} -> 236 | D7: {=SUMPRODUCT(--(TEXT([1]Data!$H$2:$H$32673,"mmm")=D$3)*([1]Data!$A$2:$A$32673=Sparkline!$B7))} -> 165 | E7: {=SUMPRODUCT(--(TEXT([1]Data!$H$2:$H$32673,"mmm")=E$3)*([1]Data!$A$2:$A$32673=Sparkline!$B7))} -> 217 | F7: {=SUMPRODUCT(--(TEXT([1]Data!$H$2:$H$32673,"mmm")=F$3)*([1]Data!$A$2:$A$32673=Sparkline!$B7))} -> 146 | G7: {=SUMPRODUCT(--(TEXT([1]Data!$H$2:$H$32673,"mmm")=G$3)*([1]Data!$A$2:$A$32673=Sparkline!$B7))} -> 159 | H7: {=SUMPRODUCT(--(TEXT([1]Data!$H$2:$H$32673,"mmm")=H$3)*([1]Data!$A$2:$A$32673=Sparkline!$B7))} -> 205 | I7: {=SUMPRODUCT(--(TEXT([1]Data!$H$2:$H$32673,"mmm")=I$3)*([1]Data!$A$2:$A$32673=Sparkline!$B7))} -> 184 | J7: {=SUMPRODUCT(--(TEXT([1]Data!$H$2:$H$32673,"mmm")=J$3)*([1]Data!$A$2:$A$32673=Sparkline!$B7))} -> 234 | ... N7: {=SUMPRODUCT(--(TEXT([1]Data!$H$2:$H$32673,"mmm")=N$3)*([1]Data!$A$2:$A$32673=Sparkline!$B7))} -> 103
B8: Data Engineer | C8: {=SUMPRODUCT(--(TEXT([1]Data!$H$2:$H$32673,"mmm")=C$3)*([1]Data!$A$2:$A$32673=Sparkline!$B8))} -> 522 | D8: {=SUMPRODUCT(--(TEXT([1]Data!$H$2:$H$32673,"mmm")=D$3)*([1]Data!$A$2:$A$32673=Sparkline!$B8))} -> 590 | E8: {=SUMPRODUCT(--(TEXT([1]Data!$H$2:$H$32673,"mmm")=E$3)*([1]Data!$A$2:$A$32673=Sparkline!$B8))} -> 727 | F8: {=SUMPRODUCT(--(TEXT([1]Data!$H$2:$H$32673,"mmm")=F$3)*([1]Data!$A$2:$A$32673=Sparkline!$B8))} -> 515 | G8: {=SUMPRODUCT(--(TEXT([1]Data!$H$2:$H$32673,"mmm")=G$3)*([1]Data!$A$2:$A$32673=Sparkline!$B8))} -> 616 | H8: {=SUMPRODUCT(--(TEXT([1]Data!$H$2:$H$32673,"mmm")=H$3)*([1]Data!$A$2:$A$32673=Sparkline!$B8))} -> 711 | I8: {=SUMPRODUCT(--(TEXT([1]Data!$H$2:$H$32673,"mmm")=I$3)*([1]Data!$A$2:$A$32673=Sparkline!$B8))} -> 543 | J8: {=SUMPRODUCT(--(TEXT([1]Data!$H$2:$H$32673,"mmm")=J$3)*([1]Data!$A$2:$A$32673=Sparkline!$B8))} -> 671 | ... N8: {=SUMPRODUCT(--(TEXT([1]Data!$H$2:$H$32673,"mmm")=N$3)*([1]Data!$A$2:$A$32673=Sparkline!$B8))} -> 396
B9: Senior Data Engineer | C9: {=SUMPRODUCT(--(TEXT([1]Data!$H$2:$H$32673,"mmm")=C$3)*([1]Data!$A$2:$A$32673=Sparkline!$B9))} -> 145 | D9: {=SUMPRODUCT(--(TEXT([1]Data!$H$2:$H$32673,"mmm")=D$3)*([1]Data!$A$2:$A$32673=Sparkline!$B9))} -> 175 | E9: {=SUMPRODUCT(--(TEXT([1]Data!$H$2:$H$32673,"mmm")=E$3)*([1]Data!$A$2:$A$32673=Sparkline!$B9))} -> 196 | F9: {=SUMPRODUCT(--(TEXT([1]Data!$H$2:$H$32673,"mmm")=F$3)*([1]Data!$A$2:$A$32673=Sparkline!$B9))} -> 167 | G9: {=SUMPRODUCT(--(TEXT([1]Data!$H$2:$H$32673,"mmm")=G$3)*([1]Data!$A$2:$A$32673=Sparkline!$B9))} -> 183 | H9: {=SUMPRODUCT(--(TEXT([1]Data!$H$2:$H$32673,"mmm")=H$3)*([1]Data!$A$2:$A$32673=Sparkline!$B9))} -> 228 | I9: {=SUMPRODUCT(--(TEXT([1]Data!$H$2:$H$32673,"mmm")=I$3)*([1]Data!$A$2:$A$32673=Sparkline!$B9))} -> 184 | J9: {=SUMPRODUCT(--(TEXT([1]Data!$H$2:$H$32673,"mmm")=J$3)*([1]Data!$A$2:$A$32673=Sparkline!$B9))} -> 242 | ... N9: {=SUMPRODUCT(--(TEXT([1]Data!$H$2:$H$32673,"mmm")=N$3)*([1]Data!$A$2:$A$32673=Sparkline!$B9))} -> 104
B10: Total | C10: =SUM(C4:C9) -> 2945 | D10: =SUM(D4:D9) -> 2357 | E10: =SUM(E4:E9) -> 2747 | F10: =SUM(F4:F9) -> 2373 | G10: =SUM(G4:G9) -> 2485 | H10: =SUM(H4:H9) -> 3044 | I10: =SUM(I4:I9) -> 2665 | J10: =SUM(J4:J9) -> 3315 | ... N10: =SUM(N4:N9) -> 1870
